FID_Baklaw,OBJECTID,PARCELKEY,PARCELNO,DISTRICT,VDC,WARDNO,GRIDS1,PARCELTY,Shape_Leng,Shape_Area,ParcelNote,PARCELLU,UID,FID_Landus,Area,Class,Zonetype,Remarks,ZoneNo,Maxm_Area
-1,0,,0,0,0,,,0,0.0,0.0,,0,,0,447.535774714,Publicuse Zone,Publicuse Zone,Publicuse,ZoneNo 6,447.535774719
0,3,02000000000000116008602,1,16,86,2.0,20000000.0,0,237.752680689,2867.70610382,,0,B01020000000,45,225440.245051,Agricultural Zone,Agricultural Zone,Agriculture,ZoneNo 1,2862.62240084
100,102,02000000000024716008602,247,16,86,2.0,20000000.0,0,115.918687522,701.04861955,,0,B100247020000000,40,264705.839016,Agricultural Zone,Agricultural Zone,Agriculture,ZoneNo 1,699.806755159
101,103,02000000099999616008602,999996,16,86,2.0,20000000.0,0,131.294200569,1075.16492024,,0,B101999996020000000,40,264705.839016,Agricultural Zone,Agricultural Zone,Agriculture,ZoneNo 1,1073.26048435
102,104,02000000099999516008602,999995,16,86,2.0,20000000.0,0,152.477363356,590.74973635,,0,B102999995020000000,40,264705.839016,Agricultural Zone,Agricultural Zone,Agriculture,ZoneNo 1,589.702998629
103,105,02000000000024816008602,248,16,86,2.0,20000000.0,0,115.250646651,532.802543439,,0,B103248020000000,40,264705.839016,Agricultural Zone,Agricultural Zone,Agriculture,ZoneNo 1,531.858569641
104,106,02000000099999416008602,999994,16,86,2.0,20000000.0,0,147.004781264,341.476547949,,0,B104999994020000000,40,264705.839016,Agricultural Zone,Agricultural Zone,Agriculture,ZoneNo 1,340.87164491
105,107,02000000099999316008602,999993,16,86,2.0,20000000.0,0,114.719923836,786.391541274,,0,B105999993020000000,40,264705.839016,Agricultural Zone,Agricultural Zone,Agriculture,ZoneNo 1,784.998713642
106,108,02000000099999216008602,999992,16,86,2.0,20000000.0,0,164.13907713,872.199347021,,0,B106999992020000000,40,264705.839016,Agricultural Zone,Agricultural Zone,Agriculture,ZoneNo 1,870.654693493
107,109,02000000000024616008602,246,16,86,2.0,20000000.0,0,341.854445877,5209.2493112,,0,B107246020000000,40,264705.839016,Agricultural Zone,Agricultural Zone,Agriculture,ZoneNo 1,5200.02658825
108,110,02000000000024516008602,245,16,86,2.0,20000000.0,0,172.846139727,769.739604887,,0,B108245020000000,40,264705.839016,Agricultural Zone,Agricultural Zone,Agriculture,ZoneNo 1,768.377069944
10,13,02000000000000916008602,9,16,86,2.0,20000000.0,0,147.457639736,1167.72655499,,0,B109020000000,45,225440.245051,Agricultural Zone,Agricultural Zone,Agriculture,ZoneNo 1,1165.6575022
109,111,02000000000308316008602,3083,16,86,2.0,20000000.0,0,141.55860092,779.051267036,,0,B1093083020000000,40,264705.839016,Agricultural Zone,Agricultural Zone,Agriculture,ZoneNo 1,777.672216187
110,112,02000000000015216008602,152,16,86,2.0,20000000.0,0,215.202632102,2511.54473536,,0,B110152020000000,40,264705.839016,Agricultural Zone,Agricultural Zone,Agriculture,ZoneNo 1,2507.09670062
111,113,02000000000015116008602,151,16,86,2.0,20000000.0,0,216.532574631,2542.70245181,,0,B111151020000000,40,264705.839016,Agricultural Zone,Agricultural Zone,Agriculture,ZoneNo 1,2538.19955569
112,114,02000000000308216008602,3082,16,86,2.0,20000000.0,0,90.5471501443,449.567329034,,0,B1123082020000000,40,264705.839016,Agricultural Zone,Agricultural Zone,Agriculture,ZoneNo 1,448.771379642
11,14,02000000000303516008602,3035,16,86,2.0,20000000.0,0,128.193318296,956.165093471,,0,B113035020000000,45,225440.245051,Agricultural Zone,Agricultural Zone,Agriculture,ZoneNo 1,954.470300263
113,115,02000000000308116008602,3081,16,86,2.0,20000000.0,0,149.594541452,1355.76612725,,0,B1133081020000000,40,264705.839016,Agricultural Zone,Agricultural Zone,Agriculture,ZoneNo 1,1353.36636844
114,116,02000000000308016008602,3080,16,86,2.0,20000000.0,0,250.538604471,2504.28485458,,0,B1143080020000000,40,264705.839016,Agricultural Zone,Agricultural Zone,Agriculture,ZoneNo 1,2499.85344271
115,117,02000000000018616008602,186,16,86,2.0,20000000.0,0,178.028796488,1757.79644218,,0,B115186020000000,40,264705.839016,Agricultural Zone,Agricultural Zone,Agriculture,ZoneNo 1,1754.6851357
116,119,02000000000307416008602,3074,16,86,2.0,20000000.0,0,94.2754119818,509.47445287,,0,B1163074020000000,40,264705.839016,Agricultural Zone,Agricultural Zone,Agriculture,ZoneNo 1,508.572609978
117,120,02000000000016216008602,162,16,86,2.0,20000000.0,0,133.998205848,621.633843073,,0,B117162020000000,40,264705.839016,Agricultural Zone,Agricultural Zone,Agriculture,ZoneNo 1,620.532942136
118,121,02000000000015916008602,159,16,86,2.0,20000000.0,0,104.711331771,624.618887952,,0,B118159020000000,40,264705.839016,Agricultural Zone,Agricultural Zone,Agriculture,ZoneNo 1,623.513128768
119,122,02000000000016116008602,161,16,86,2.0,20000000.0,0,132.987282122,633.189531961,,0,B119161020000000,40,264705.839016,Agricultural Zone,Agricultural Zone,Agriculture,ZoneNo 1,632.068225997
120,123,02000000000015516008602,155,16,86,2.0,20000000.0,0,99.1974224068,603.821444312,,0,B120155020000000,40,264705.839016,Agricultural Zone,Agricultural Zone,Agriculture,ZoneNo 1,602.752059485
12,15,02000000000001016008602,10,16,86,2.0,20000000.0,0,200.318133777,1648.33508819,,0,B1210020000000,45,225440.245051,Agricultural Zone,Agricultural Zone,Agriculture,ZoneNo 1,1645.41457476
121,124,02000000000015616008602,156,16,86,2.0,20000000.0,0,96.8754521103,581.286802442,,0,B121156020000000,40,264705.839016,Agricultural Zone,Agricultural Zone,Agriculture,ZoneNo 1,580.257552133
122,125,02000000000016016008602,160,16,86,2.0,20000000.0,0,110.845744248,560.07340991,,0,B122160020000000,40,264705.839016,Agricultural Zone,Agricultural Zone,Agriculture,ZoneNo 1,559.081934742
123,126,02000000000015316008602,153,16,86,2.0,20000000.0,0,195.806357019,1301.19643136,,0,B123153020000000,40,264705.839016,Agricultural Zone,Agricultural Zone,Agriculture,ZoneNo 1,1298.89313807
124,127,02000000000016316008602,163,16,86,2.0,20000000.0,0,131.368892935,628.911200724,,0,B124163020000000,40,264705.839016,Agricultural Zone,Agricultural Zone,Agriculture,ZoneNo 1,627.797517999
125,128,02000000000016416008602,164,16,86,2.0,20000000.0,0,125.318992985,455.201863371,,0,B125164020000000,40,264705.839016,Agricultural Zone,Agricultural Zone,Agriculture,ZoneNo 1,454.395829522
126,129,02000000000024016008602,240,16,86,2.0,20000000.0,0,92.4363303094,406.001053776,,0,B126240020000000,40,264705.839016,Agricultural Zone,Agricultural Zone,Agriculture,ZoneNo 1,405.282087781
127,130,02000000000024216008602,242,16,86,2.0,20000000.0,0,78.9623919416,189.309167769,,0,B127242020000000,40,264705.839016,Agricultural Zone,Agricultural Zone,Agriculture,ZoneNo 1,188.973937768
128,131,02000000000018016008602,180,16,86,2.0,20000000.0,0,70.5555552114,254.078349424,,0,B128180020000000,40,264705.839016,Agricultural Zone,Agricultural Zone,Agriculture,ZoneNo 1,253.628495751
129,132,02000000000017916008602,179,16,86,2.0,20000000.0,0,68.2988436513,236.996482692,,0,B129179020000000,40,264705.839016,Agricultural Zone,Agricultural Zone,Agriculture,ZoneNo 1,236.576914552
130,133,02000000000024116008602,241,16,86,2.0,20000000.0,0,82.4917135994,275.75313063,,0,B130241020000000,40,264705.839016,Agricultural Zone,Agricultural Zone,Agriculture,ZoneNo 1,275.264841028
1,4,02000000000305116008602,3051,16,86,2.0,20000000.0,0,127.100002306,981.717015257,,0,B13051020000000,45,225440.245051,Agricultural Zone,Agricultural Zone,Agriculture,ZoneNo 1,979.976685748
131,134,02000000000022616008602,226,16,86,2.0,20000000.0,0,81.097023261,380.991690886,,0,B131226020000000,40,264705.839016,Agricultural Zone,Agricultural Zone,Agriculture,ZoneNo 1,380.317030504
132,135,02000000000022716008602,227,16,86,2.0,20000000.0,0,47.6235215572,140.13632117,,0,B132227020000000,40,264705.839016,Agricultural Zone,Agricultural Zone,Agriculture,ZoneNo 1,139.888189445
13,16,02000000000303616008602,3036,16,86,2.0,20000000.0,0,180.764922461,1524.99362512,,0,B133036020000000,45,225440.245051,Agricultural Zone,Agricultural Zone,Agriculture,ZoneNo 1,1522.29048927
133,136,02000000000022816008602,228,16,86,2.0,20000000.0,0,42.8148181305,114.396426197,,0,B133228020000000,40,264705.839016,Agricultural Zone,Agricultural Zone,Agriculture,ZoneNo 1,114.193875495
134,137,02000000000010016008602,100,16,86,2.0,20000000.0,0,87.3025268219,468.882736354,,0,B134100020000000,40,264705.839016,Agricultural Zone,Agricultural Zone,Agriculture,ZoneNo 1,468.052746653
135,138,02000000000010116008602,101,16,86,2.0,20000000.0,0,69.9061086038,283.893844278,,0,B135101020000000,40,264705.839016,Agricultural Zone,Agricultural Zone,Agriculture,ZoneNo 1,283.391378434
136,139,02000000000019116008602,191,16,86,2.0,20000000.0,0,105.449881059,366.007903622,,0,B136191020000000,40,264705.839016,Agricultural Zone,Agricultural Zone,Agriculture,ZoneNo 1,365.359957821
137,140,02000000000019016008602,190,16,86,2.0,20000000.0,0,106.090045873,380.679388586,,0,B137190020000000,40,264705.839016,Agricultural Zone,Agricultural Zone,Agriculture,ZoneNo 1,301.648192333
138,141,02000000000019216008602,192,16,86,2.0,20000000.0,0,103.060515446,332.73488691,,0,B138192020000000,40,264705.839016,Agricultural Zone,Agricultural Zone,Agriculture,ZoneNo 1,252.405449689
139,142,02000000000010216008602,102,16,86,2.0,20000000.0,0,95.4926948084,559.269475086,,0,B139102020000000,40,264705.839016,Agricultural Zone,Agricultural Zone,Agriculture,ZoneNo 1,558.279772553
140,143,02000000000015416008602,154,16,86,2.0,20000000.0,0,159.545249002,1257.99716984,,0,B140154020000000,40,264705.839016,Agricultural Zone,Agricultural Zone,Agriculture,ZoneNo 1,1255.77100657
14,17,02000000000001416008602,14,16,86,2.0,20000000.0,0,62.9169904027,193.73974176,,0,B1414020000000,45,225440.245051,Agricultural Zone,Agricultural Zone,Agriculture,ZoneNo 1,193.396245538
141,144,02000000099999116008602,999991,16,86,2.0,20000000.0,0,145.439169331,1032.9513527,,0,B141999991020000000,40,264705.839016,Agricultural Zone,Agricultural Zone,Agriculture,ZoneNo 1,1031.12384173
142,145,02000000000308616008602,3086,16,86,2.0,20000000.0,0,331.624943231,3142.54966189,,0,B1423086020000000,40,264705.839016,Agricultural Zone,Agricultural Zone,Agriculture,ZoneNo 1,3136.99084185
143,146,02000000000308716008602,3087,16,86,2.0,20000000.0,0,185.276774187,1414.91825148,,0,B1433087020000000,40,264705.839016,Agricultural Zone,Agricultural Zone,Agriculture,ZoneNo 1,1412.41691693
144,147,02000000000006916008602,69,16,86,2.0,20000000.0,0,102.383031811,591.486288244,,0,B14469020000000,40,264705.839016,Agricultural Zone,Agricultural Zone,Agriculture,ZoneNo 1,590.440933099
145,148,02000000099999016008602,999990,16,86,2.0,20000000.0,0,259.044622722,2623.04323804,,0,B145999990020000000,40,264705.839016,Agricultural Zone,Agricultural Zone,Agriculture,ZoneNo 1,2618.40588718
146,149,02000000099998916008602,70,16,86,2.0,20000000.0,0,135.431462078,845.781350507,,0,B14670020000000,40,264705.839016,Agricultural Zone,Agricultural Zone,Agriculture,ZoneNo 1,844.286304637
147,150,02000000000028816008602,288,16,86,2.0,20000000.0,0,182.374269522,1751.19369076,,0,B147288020000000,40,264705.839016,Agricultural Zone,Agricultural Zone,Agriculture,ZoneNo 1,1748.0995699
148,151,02000000000028916008602,289,16,86,2.0,20000000.0,0,178.405492735,1640.74004042,,0,B148289020000000,40,264705.839016,Agricultural Zone,Agricultural Zone,Agriculture,ZoneNo 1,1637.84143046
149,152,02000000099998816008602,70,16,86,2.0,20000000.0,0,134.707605257,764.84946763,,0,B14970020000000,40,264705.839016,Agricultural Zone,Agricultural Zone,Agriculture,ZoneNo 1,763.497542934
150,153,02000000099998716008602,70,16,86,2.0,20000000.0,0,126.963110129,538.482634007,,0,B15070020000000,40,264705.839016,Agricultural Zone,Agricultural Zone,Agriculture,ZoneNo 1,537.530878455
151,154,02000000000027816008602,278,16,86,2.0,20000000.0,0,143.74025425,904.192456543,,0,B151278020000000,40,264705.839016,Agricultural Zone,Agricultural Zone,Agriculture,ZoneNo 1,902.59400972
15,18,02000000000001316008602,13,16,86,2.0,20000000.0,0,138.367613724,1049.30035709,,0,B1513020000000,45,225440.245051,Agricultural Zone,Agricultural Zone,Agriculture,ZoneNo 1,1047.44041292
152,155,02000000099998616008602,999986,16,86,2.0,20000000.0,0,113.874553016,778.70173015,,0,B152999986020000000,40,264705.839016,Agricultural Zone,Agricultural Zone,Agriculture,ZoneNo 1,777.325585328
153,156,02000000000007216008602,72,16,86,2.0,20000000.0,0,122.411596023,827.518049175,,0,B15372020000000,40,264705.839016,Agricultural Zone,Agricultural Zone,Agriculture,ZoneNo 1,826.056078505
154,157,02000000000007316008602,73,16,86,2.0,20000000.0,0,231.805858932,2461.60290765,,0,B15473020000000,40,264705.839016,Agricultural Zone,Agricultural Zone,Agriculture,ZoneNo 1,1527.49564234
155,158,02000000099998516008602,222,16,86,2.0,20000000.0,0,170.797570899,765.88421325,,0,B155222020000000,40,264705.839016,Agricultural Zone,Agricultural Zone,Agriculture,ZoneNo 1,370.813338143
156,159,02000000099998416008602,223,16,86,2.0,20000000.0,0,181.125274499,1456.86267562,,0,B156223020000000,40,264705.839016,Agricultural Zone,Agricultural Zone,Agriculture,ZoneNo 1,792.520152567
157,160,02000000000305216008602,3052,16,86,2.0,20000000.0,0,152.979342908,687.10209851,,0,B1573052020000000,40,264705.839016,Agricultural Zone,Agricultural Zone,Agriculture,ZoneNo 1,385.881145502
158,161,02000000099998316008602,999983,16,86,2.0,20000000.0,0,171.153491698,1348.89772781,,0,B158999983020000000,40,264705.839016,Agricultural Zone,Agricultural Zone,Agriculture,ZoneNo 1,1346.51475537
159,162,02000000099998216008602,999982,16,86,2.0,20000000.0,0,220.392078799,1860.71757305,,0,B159999982020000000,40,264705.839016,Agricultural Zone,Agricultural Zone,Agriculture,ZoneNo 1,1857.42953189
160,163,02000000000300716008602,3007,16,86,2.0,20000000.0,0,96.8261203843,541.513002197,,0,B1603007020000000,40,264705.839016,Agricultural Zone,Agricultural Zone,Agriculture,ZoneNo 1,540.556206201
161,164,02000000000300816008602,3008,16,86,2.0,20000000.0,0,96.8927744869,549.751586188,,0,B1613008020000000,40,264705.839016,Agricultural Zone,Agricultural Zone,Agriculture,ZoneNo 1,548.78044341
162,165,02000000099998116008602,76,16,86,2.0,20000000.0,0,63.2676784647,152.876767525,,0,B16276020000000,40,264705.839016,Agricultural Zone,Agricultural Zone,Agriculture,ZoneNo 1,152.606661242
163,166,02000000099998016008602,76,16,86,2.0,20000000.0,0,66.854715222,177.982852207,,0,B16376020000000,40,264705.839016,Agricultural Zone,Agricultural Zone,Agriculture,ZoneNo 1,177.66841293
164,167,02000000099997916008602,76,16,86,2.0,20000000.0,0,120.009633681,699.178502936,,0,B16476020000000,40,264705.839016,Agricultural Zone,Agricultural Zone,Agriculture,ZoneNo 1,697.943491894
165,168,02000000000007516008602,75,16,86,2.0,20000000.0,0,114.266999883,708.565250099,,0,B16575020000000,40,264705.839016,Agricultural Zone,Agricultural Zone,Agriculture,ZoneNo 1,707.313668398
166,169,02000000000305316008602,3053,16,86,2.0,20000000.0,0,149.178021232,787.015364923,,0,B1663053020000000,40,264705.839016,Agricultural Zone,Agricultural Zone,Agriculture,ZoneNo 1,444.730527892
167,170,02000000000036116008602,361,16,86,2.0,20000000.0,0,159.875329201,1298.45441431,,0,B167361020000000,40,264705.839016,Agricultural Zone,Agricultural Zone,Agriculture,ZoneNo 1,714.9102645
168,171,02000000000304016008602,3040,16,86,2.0,20000000.0,0,90.5115548075,125.186629285,,0,B1683040020000000,40,264705.839016,Agricultural Zone,Agricultural Zone,Agriculture,ZoneNo 1,51.0363530482
169,172,02000000000303916008602,3039,16,86,2.0,20000000.0,0,89.5463437046,145.477244516,,0,B1693039020000000,40,264705.839016,Agricultural Zone,Agricultural Zone,Agriculture,ZoneNo 1,53.2229440598
16,19,02000000099999916008602,999999,16,86,2.0,20000000.0,0,80.1574371359,404.338035039,,0,B16999999020000000,45,225440.245051,Agricultural Zone,Agricultural Zone,Agriculture,ZoneNo 1,403.62150482
170,173,02000000000301616008602,3016,16,86,2.0,20000000.0,0,103.462997282,478.970370369,,0,B1703016020000000,40,264705.839016,Agricultural Zone,Agricultural Zone,Agriculture,ZoneNo 1,141.158377129
171,174,02000000000032216008602,322,16,86,2.0,20000000.0,0,53.0666733221,174.803387744,,0,B171322020000000,40,264705.839016,Agricultural Zone,Agricultural Zone,Agriculture,ZoneNo 1,174.494688319
17,20,02000000000001516008602,15,16,86,2.0,20000000.0,0,146.395501279,959.023528346,,0,B1715020000000,45,225440.245051,Agricultural Zone,Agricultural Zone,Agriculture,ZoneNo 1,957.323536478
172,175,02000000099997816008602,999978,16,86,2.0,20000000.0,0,93.718868624,349.169854422,,0,B172999978020000000,40,264705.839016,Agricultural Zone,Agricultural Zone,Agriculture,ZoneNo 1,88.8362565121
173,176,02000000000306716008602,3067,16,86,2.0,20000000.0,0,132.262455351,855.554401361,,0,B1733067020000000,40,264705.839016,Agricultural Zone,Agricultural Zone,Agriculture,ZoneNo 1,854.043397317
174,177,02000000000014916008602,149,16,86,2.0,20000000.0,0,90.3834575611,326.149356264,,0,B174149020000000,40,264705.839016,Agricultural Zone,Agricultural Zone,Agriculture,ZoneNo 1,60.4121714408
175,178,02000000000300116008602,3001,16,86,2.0,20000000.0,0,78.3995404133,197.068886254,,0,B1753001020000000,40,264705.839016,Agricultural Zone,Agricultural Zone,Agriculture,ZoneNo 1,19.3844473964
176,179,02000000000300216008602,3002,16,86,2.0,20000000.0,0,68.255842668,46.3835423992,,0,B1763002020000000,40,264705.839016,Agricultural Zone,Agricultural Zone,Agriculture,ZoneNo 1,1.35327676185
177,180,02000000000300316008602,3003,16,86,2.0,20000000.0,0,68.2175628494,58.0510830619,,0,B1773003020000000,361,126130.672879,Commercial Zone,Commercial Zone,Commercial,ZoneNo 3,27.2201618419
178,181,02000000000300416008602,3004,16,86,2.0,20000000.0,0,72.2298788715,147.001225252,,0,B1783004020000000,361,126130.672879,Commercial Zone,Commercial Zone,Commercial,ZoneNo 3,127.220381109
179,182,02000000000306816008602,3068,16,86,2.0,20000000.0,0,111.635813592,733.073187398,,0,B1793068020000000,40,264705.839016,Agricultural Zone,Agricultural Zone,Agriculture,ZoneNo 1,314.780647096
180,183,02000000000301116008602,3011,16,86,2.0,20000000.0,0,72.1399812229,180.021973195,,0,B1803011020000000,361,126130.672879,Commercial Zone,Commercial Zone,Commercial,ZoneNo 3,153.925684485
18,21,02000000000001216008602,12,16,86,2.0,20000000.0,0,194.003182855,1715.29081717,,0,B1812020000000,45,225440.245051,Agricultural Zone,Agricultural Zone,Agriculture,ZoneNo 1,1712.09571563
181,184,02000000000029616008602,296,16,86,2.0,20000000.0,0,72.7144280429,321.661302892,,0,B181296020000000,40,264705.839016,Agricultural Zone,Agricultural Zone,Agriculture,ZoneNo 1,226.047473664
182,185,02000000000008716008602,87,16,86,2.0,20000000.0,0,111.55851593,761.116530331,,0,B18287020000000,40,264705.839016,Agricultural Zone,Agricultural Zone,Agriculture,ZoneNo 1,708.312834416
183,186,02000000000030716008602,307,16,86,2.0,20000000.0,0,79.9609058992,289.165542124,,0,B183307020000000,40,264705.839016,Agricultural Zone,Agricultural Zone,Agriculture,ZoneNo 1,288.654576104
184,187,02000000000027616008602,276,16,86,2.0,20000000.0,0,510.231862717,5732.5023725,,0,B184276020000000,40,264705.839016,Agricultural Zone,Agricultural Zone,Agriculture,ZoneNo 1,5722.36681997
185,188,02000000000017116008602,171,16,86,2.0,20000000.0,0,150.756849492,1394.65210381,,0,B185171020000000,40,264705.839016,Agricultural Zone,Agricultural Zone,Agriculture,ZoneNo 1,1392.18636415
186,189,02000000000017216008602,172,16,86,2.0,20000000.0,0,150.168061179,1356.5735574,,0,B186172020000000,40,264705.839016,Agricultural Zone,Agricultural Zone,Agriculture,ZoneNo 1,1354.17441541
187,190,02000000099997716008602,999977,16,86,2.0,20000000.0,0,151.968216955,1046.42499949,,0,B187999977020000000,40,264705.839016,Agricultural Zone,Agricultural Zone,Agriculture,ZoneNo 1,1044.57371734
188,191,02000000000009216008602,92,16,86,2.0,20000000.0,0,156.103387603,1342.75986037,,0,B18892020000000,40,264705.839016,Agricultural Zone,Agricultural Zone,Agriculture,ZoneNo 1,1340.38538899
189,192,02000000000009416008602,94,16,86,2.0,20000000.0,0,159.406463059,1029.9718867,,0,B18994020000000,40,264705.839016,Agricultural Zone,Agricultural Zone,Agriculture,ZoneNo 1,1028.14985415
190,193,02000000099997616008602,999976,16,86,2.0,20000000.0,0,91.7139248571,380.171345468,,0,B190999976020000000,40,264705.839016,Agricultural Zone,Agricultural Zone,Agriculture,ZoneNo 1,379.498880995
19,22,02000000000001116008602,11,16,86,2.0,20000000.0,0,90.2268615053,505.153788807,,0,B1911020000000,45,225440.245051,Agricultural Zone,Agricultural Zone,Agriculture,ZoneNo 1,504.258978085
191,194,02000000000022016008602,220,16,86,2.0,20000000.0,0,102.023186378,536.316734088,,0,B191220020000000,40,264705.839016,Agricultural Zone,Agricultural Zone,Agriculture,ZoneNo 1,535.368097985
192,195,02000000000022116008602,221,16,86,2.0,20000000.0,0,106.280604222,602.898666994,,0,B192221020000000,40,264705.839016,Agricultural Zone,Agricultural Zone,Agriculture,ZoneNo 1,601.832299141
193,196,02000000000307016008602,3070,16,86,2.0,20000000.0,0,114.563282402,820.400875759,,0,B1933070020000000,40,264705.839016,Agricultural Zone,Agricultural Zone,Agriculture,ZoneNo 1,818.949370361
194,197,02000000000306916008602,3069,16,86,2.0,20000000.0,0,94.7481948639,522.876299198,,0,B1943069020000000,40,264705.839016,Agricultural Zone,Agricultural Zone,Agriculture,ZoneNo 1,442.927915424
195,198,02000000099997516008602,187,16,86,2.0,20000000.0,0,98.5523234075,480.261460981,,0,B195187020000000,40,264705.839016,Agricultural Zone,Agricultural Zone,Agriculture,ZoneNo 1,291.589095608
196,199,02000000000009716008602,188,16,86,2.0,20000000.0,0,97.8949742246,482.258212826,,0,B196188020000000,791,3038.2814742,Residential Zone,Residential Zone,Residential,ZoneNo 2,481.404401885
197,200,02000000099997416008602,189,16,86,2.0,20000000.0,0,93.9284157169,451.017907039,,0,B197189020000000,791,3038.2814742,Residential Zone,Residential Zone,Residential,ZoneNo 2,450.220717788
198,201,02000000000009616008602,96,16,86,2.0,20000000.0,0,174.018957498,1750.55972206,,0,B19896020000000,40,264705.839016,Agricultural Zone,Agricultural Zone,Agriculture,ZoneNo 1,823.513285548
199,202,02000000000009316008602,93,16,86,2.0,20000000.0,0,260.06358581,4236.80279047,,0,B19993020000000,40,264705.839016,Agricultural Zone,Agricultural Zone,Agriculture,ZoneNo 1,2484.40460194
200,203,02000000000009016008602,90,16,86,2.0,20000000.0,0,142.619321606,1153.24796125,,0,B20090020000000,40,264705.839016,Agricultural Zone,Agricultural Zone,Agriculture,ZoneNo 1,1151.2091403
201,204,02000000000014516008602,145,16,86,2.0,20000000.0,0,130.206495958,889.150813921,,0,B201145020000000,40,264705.839016,Agricultural Zone,Agricultural Zone,Agriculture,ZoneNo 1,887.578965639
20,23,02000000000001816008602,18,16,86,2.0,20000000.0,0,251.537575197,2247.16475765,,0,B2018020000000,45,225440.245051,Agricultural Zone,Agricultural Zone,Agriculture,ZoneNo 1,422.087709019
202,205,02000000000030616008602,306,16,86,2.0,20000000.0,0,80.1779508469,277.839183874,,0,B202306020000000,40,264705.839016,Agricultural Zone,Agricultural Zone,Agriculture,ZoneNo 1,277.348196101
203,206,02000000000030516008602,305,16,86,2.0,20000000.0,0,79.7572365364,256.675408377,,0,B203305020000000,40,264705.839016,Agricultural Zone,Agricultural Zone,Agriculture,ZoneNo 1,256.22178564
204,207,02000000000014616008602,146,16,86,2.0,20000000.0,0,108.069987418,309.143421088,,0,B204146020000000,40,264705.839016,Agricultural Zone,Agricultural Zone,Agriculture,ZoneNo 1,308.596937145
205,208,02000000000008816008602,88,16,86,2.0,20000000.0,0,149.45742393,1256.7758286,,0,B20588020000000,40,264705.839016,Agricultural Zone,Agricultural Zone,Agriculture,ZoneNo 1,1254.554268
206,209,02000000000031316008602,313,16,86,2.0,20000000.0,0,247.176151235,1670.1011374,,0,B206313020000000,40,264705.839016,Agricultural Zone,Agricultural Zone,Agriculture,ZoneNo 1,292.743445403
207,210,02000000000011716008602,117,16,86,2.0,20000000.0,0,98.1824502204,566.99801876,,0,B207117020000000,361,126130.672879,Commercial Zone,Commercial Zone,Commercial,ZoneNo 3,565.995371579
208,213,02000000099997316008602,999973,16,86,2.0,20000000.0,0,71.2998639439,165.1615264,,0,B208999973020000000,361,126130.672879,Commercial Zone,Commercial Zone,Commercial,ZoneNo 3,164.870173155
209,214,02000000000011516008602,363,16,86,2.0,20000000.0,0,148.865135173,948.312860367,,0,B209363020000000,361,126130.672879,Commercial Zone,Commercial Zone,Commercial,ZoneNo 3,124.724641026
210,216,02000000000304216008602,3042,16,86,2.0,20000000.0,0,146.240639024,842.520613152,,0,B2103042020000000,40,264705.839016,Agricultural Zone,Agricultural Zone,Agriculture,ZoneNo 1,795.656374722
211,217,02000000000304316008602,3043,16,86,2.0,20000000.0,0,147.051202452,860.315093514,,0,B2113043020000000,40,264705.839016,Agricultural Zone,Agricultural Zone,Agriculture,ZoneNo 1,503.812340517
21,24,02000000000001716008602,17,16,86,2.0,20000000.0,0,149.222025861,1212.85875543,,0,B2117020000000,45,225440.245051,Agricultural Zone,Agricultural Zone,Agriculture,ZoneNo 1,421.439986735
212,218,02000000000011416008602,114,16,86,2.0,20000000.0,0,124.701229032,893.083248613,,0,B212114020000000,361,126130.672879,Commercial Zone,Commercial Zone,Commercial,ZoneNo 3,833.195953748
213,219,02000000099997216008602,999972,16,86,2.0,20000000.0,0,70.6431073429,175.275262509,,0,B213999972020000000,361,126130.672879,Commercial Zone,Commercial Zone,Commercial,ZoneNo 3,174.965203031
214,220,02000000000011316008602,113,16,86,2.0,20000000.0,0,65.1312669536,117.807906019,,0,B214113020000000,361,126130.672879,Commercial Zone,Commercial Zone,Commercial,ZoneNo 3,117.599505004
215,221,02000000099997116008602,999971,16,86,2.0,20000000.0,0,63.8049113894,120.139316943,,0,B215999971020000000,361,126130.672879,Commercial Zone,Commercial Zone,Commercial,ZoneNo 3,119.926793543
216,222,02000000099997016008602,999970,16,86,2.0,20000000.0,0,92.7134784926,462.245031242,,0,B216999970020000000,361,126130.672879,Commercial Zone,Commercial Zone,Commercial,ZoneNo 3,461.427125636
217,223,02000000000011116008602,111,16,86,2.0,20000000.0,0,78.9186760563,291.111780614,,0,B217111020000000,361,126130.672879,Commercial Zone,Commercial Zone,Commercial,ZoneNo 3,290.596603552
218,225,02000000000011816008602,3024,16,86,2.0,20000000.0,0,103.170303969,499.786839597,,0,B2183024020000000,361,126130.672879,Commercial Zone,Commercial Zone,Commercial,ZoneNo 3,498.902879819
219,226,02000000000011916008602,119,16,86,2.0,20000000.0,0,96.883944269,370.316834945,,0,B219119020000000,361,126130.672879,Commercial Zone,Commercial Zone,Commercial,ZoneNo 3,369.662004364
220,227,02000000000307616008602,3076,16,86,2.0,20000000.0,0,65.4420484338,208.065316115,,0,B2203076020000000,361,126130.672879,Commercial Zone,Commercial Zone,Commercial,ZoneNo 3,207.697386465
221,228,02000000000307516008602,3075,16,86,2.0,20000000.0,0,56.3346127329,198.295760651,,0,B2213075020000000,361,126130.672879,Commercial Zone,Commercial Zone,Commercial,ZoneNo 3,197.945151729
22,25,02000000000001616008602,16,16,86,2.0,20000000.0,0,89.504761664,485.144744968,,0,B2216020000000,45,225440.245051,Agricultural Zone,Agricultural Zone,Agriculture,ZoneNo 1,154.738573763
222,229,02000000000012116008602,121,16,86,2.0,20000000.0,0,366.885497694,5375.23388388,,0,B222121020000000,361,126130.672879,Commercial Zone,Commercial Zone,Commercial,ZoneNo 3,4052.64426675
223,230,02000000000304416008602,3044,16,86,2.0,20000000.0,0,205.188976199,2557.18376417,,0,B2233044020000000,40,264705.839016,Agricultural Zone,Agricultural Zone,Agriculture,ZoneNo 1,101.490267577
224,231,02000000000020716008602,3091,16,86,2.0,20000000.0,0,148.563623162,1202.55155272,,0,B2243091020000000,361,126130.672879,Commercial Zone,Commercial Zone,Commercial,ZoneNo 3,1200.42207155
225,233,02000000000012316008602,123,16,86,2.0,20000000.0,0,191.702485368,1659.72688319,,0,B225123020000000,361,126130.672879,Commercial Zone,Commercial Zone,Commercial,ZoneNo 3,1303.28656078
226,234,02000000000031016008602,310,16,86,2.0,20000000.0,0,144.901211311,373.308870517,,0,B226310020000000,361,126130.672879,Commercial Zone,Commercial Zone,Commercial,ZoneNo 3,357.503963358
227,235,02000000000030916008602,309,16,86,2.0,20000000.0,0,109.479711436,372.354634859,,0,B227309020000000,361,126130.672879,Commercial Zone,Commercial Zone,Commercial,ZoneNo 3,342.096565523
228,236,02000000000030816008602,308,16,86,2.0,20000000.0,0,108.214279318,329.179840923,,0,B228308020000000,361,126130.672879,Commercial Zone,Commercial Zone,Commercial,ZoneNo 3,303.468968937
229,237,02000000099996916008602,999969,16,86,2.0,20000000.0,0,128.028165462,1017.94923029,,0,B229999969020000000,361,126130.672879,Commercial Zone,Commercial Zone,Commercial,ZoneNo 3,926.785360541
230,238,02000000000031216008602,312,16,86,2.0,20000000.0,0,222.642584031,1918.87002178,,0,B230312020000000,40,264705.839016,Agricultural Zone,Agricultural Zone,Agriculture,ZoneNo 1,282.318182752
2,5,02000000000305016008602,3050,16,86,2.0,20000000.0,0,136.773825758,1106.22049421,,0,B23050020000000,45,225440.245051,Agricultural Zone,Agricultural Zone,Agriculture,ZoneNo 1,1104.25947595
231,239,02000000000031116008602,311,16,86,2.0,20000000.0,0,227.89195059,1942.69795007,,0,B231311020000000,40,264705.839016,Agricultural Zone,Agricultural Zone,Agriculture,ZoneNo 1,278.305957953
232,240,02000000000008416008602,84,16,86,2.0,20000000.0,0,120.693367548,888.66952424,,0,B23284020000000,361,126130.672879,Commercial Zone,Commercial Zone,Commercial,ZoneNo 3,796.438493115
23,26,02000000000304516008602,3045,16,86,2.0,20000000.0,0,136.740998928,1120.35110464,,0,B233045020000000,795,22140.6130302,Residential Zone,Residential Zone,Residential,ZoneNo 2,972.743068334
233,241,02000000000027316008602,273,16,86,2.0,20000000.0,0,334.251862499,5799.08928091,,0,B233273020000000,40,264705.839016,Agricultural Zone,Agricultural Zone,Agriculture,ZoneNo 1,346.803268692
234,242,02000000000026516008602,265,16,86,2.0,20000000.0,0,67.9037047262,288.007893249,,0,B234265020000000,361,126130.672879,Commercial Zone,Commercial Zone,Commercial,ZoneNo 3,287.49916755
235,243,02000000000029816008602,298,16,86,2.0,20000000.0,0,78.7153582663,377.129308491,,0,B235298020000000,361,126130.672879,Commercial Zone,Commercial Zone,Commercial,ZoneNo 3,376.4631782
236,244,02000000000026416008602,264,16,86,2.0,20000000.0,0,108.317359926,622.357384415,,0,B236264020000000,361,126130.672879,Commercial Zone,Commercial Zone,Commercial,ZoneNo 3,621.258145381
237,245,02000000000032416008602,324,16,86,2.0,20000000.0,0,221.929704883,2794.31307098,,0,B237324020000000,361,126130.672879,Commercial Zone,Commercial Zone,Commercial,ZoneNo 3,2741.91445682
238,246,02000000000301216008602,3012,16,86,2.0,20000000.0,0,72.8832113114,224.364220328,,0,B2383012020000000,361,126130.672879,Commercial Zone,Commercial Zone,Commercial,ZoneNo 3,192.050045014
239,247,02000000000300616008602,3006,16,86,2.0,20000000.0,0,70.0237960461,223.312114303,,0,B2393006020000000,361,126130.672879,Commercial Zone,Commercial Zone,Commercial,ZoneNo 3,190.486108277
240,248,02000000000032116008602,321,16,86,2.0,20000000.0,0,131.096844961,782.37885801,,0,B240321020000000,361,126130.672879,Commercial Zone,Commercial Zone,Commercial,ZoneNo 3,547.481473945
241,249,02000000000025716008602,3097,16,86,2.0,20000000.0,0,54.9165214265,111.314432711,,0,B2413097020000000,361,126130.672879,Commercial Zone,Commercial Zone,Commercial,ZoneNo 3,90.0792881387
242,313,0200000000001841608602,3128,16,86,2.0,20000000.0,0,44.135895346,115.098231505,Splited From 183,0,B2423128020000000,361,126130.672879,Commercial Zone,Commercial Zone,Commercial,ZoneNo 3,114.895180899
24,27,02000000000002516008602,25,16,86,2.0,20000000.0,0,181.096746759,1530.98391033,,0,B2425020000000,40,264705.839016,Agricultural Zone,Agricultural Zone,Agriculture,ZoneNo 1,732.963952594
243,320,02000000000025616008602,3121,16,86,2.0,20000000.0,0,66.9253785162,168.523716472,,0,B2433121020000000,361,126130.672879,Commercial Zone,Commercial Zone,Commercial,ZoneNo 3,132.468774862
244,321,02000000000025716008602,378,16,86,2.0,20000000.0,0,49.7905129667,113.497756715,,0,B244378020000000,361,126130.672879,Commercial Zone,Commercial Zone,Commercial,ZoneNo 3,17.7458463712
245,330,0200000000031341608602,3134,16,86,2.0,20000000.0,0,93.2087510762,476.152926283,Splited From 112,0,B2453134020000000,361,126130.672879,Commercial Zone,Commercial Zone,Commercial,ZoneNo 3,475.310442319
246,331,0200000000031321608602,3132,16,86,2.0,20000000.0,0,39.9986846012,97.3566005391,Splited From 112,0,B2463132020000000,361,126130.672879,Commercial Zone,Commercial Zone,Commercial,ZoneNo 3,97.1843736586
247,338,0200000000031401608602,3140,16,86,2.0,20000000.0,0,99.9100840707,522.367458068,Splited From 3041,0,B2473140020000000,40,264705.839016,Agricultural Zone,Agricultural Zone,Agriculture,ZoneNo 1,521.442474524
248,339,0200000000031391608602,3139,16,86,2.0,20000000.0,0,100.840154534,522.360033428,Splited From 3041,0,B2483139020000000,40,264705.839016,Agricultural Zone,Agricultural Zone,Agriculture,ZoneNo 1,521.435189988
249,311,0200000000001841608602,3127,16,86,2.0,20000000.0,0,49.7806219035,142.70059397,Splited From 183,0,B2493127020000000,361,126130.672879,Commercial Zone,Commercial Zone,Commercial,ZoneNo 3,142.44768509
250,333,02000000000014116008602,3116,16,86,2.0,20000000.0,0,88.9411554351,372.818470027,,0,B2503116020000000,363,64166.0523768,Commercial Zone,Commercial Zone,Commercial,ZoneNo 3,62.7378868949
251,334,02000000000011516008602,362,16,86,2.0,20000000.0,0,91.390520775,281.26651682,,0,B251362020000000,40,264705.839016,Agricultural Zone,Agricultural Zone,Agriculture,ZoneNo 1,11.7403683949
252,303,0200000000031231608602,3123,16,86,2.0,20000000.0,0,134.153564716,1034.00000098,Splited From 230,0,B2523123020000000,40,264705.839016,Agricultural Zone,Agricultural Zone,Agriculture,ZoneNo 1,1032.16925466
25,28,02000000000002416008602,24,16,86,2.0,20000000.0,0,196.746525437,1995.72813015,,0,B2524020000000,40,264705.839016,Agricultural Zone,Agricultural Zone,Agriculture,ZoneNo 1,981.11097455
253,304,0200000000031221608602,3122,16,86,2.0,20000000.0,0,198.230410164,1918.5519054,Splited From 230,0,B2533122020000000,40,264705.839016,Agricultural Zone,Agricultural Zone,Agriculture,ZoneNo 1,1915.15641117
254,307,0200000000031241608602,3124,16,86,2.0,20000000.0,0,141.107401064,1134.42003707,Splited From 34,0,B2543124020000000,40,264705.839016,Agricultural Zone,Agricultural Zone,Agriculture,ZoneNo 1,1132.40955749
255,308,0200000000031251608602,3125,16,86,2.0,20000000.0,0,275.65737992,4168.66011622,Splited From 34,0,B2553125020000000,40,264705.839016,Agricultural Zone,Agricultural Zone,Agriculture,ZoneNo 1,4161.2755785
256,318,0200000000031261608602,3126,16,86,2.0,20000000.0,0,49.1808866039,135.988241906,Splited From 3126,0,B2563126020000000,361,126130.672879,Commercial Zone,Commercial Zone,Commercial,ZoneNo 3,135.747423678
257,322,02000000000025716008602,3099,16,86,2.0,20000000.0,0,48.8776584967,132.049796802,,0,B2573099020000000,361,126130.672879,Commercial Zone,Commercial Zone,Commercial,ZoneNo 3,79.7754219294
258,323,02000000000025716008602,3100,16,86,2.0,20000000.0,0,47.1846254711,87.8738667137,,0,B2583100020000000,361,126130.672879,Commercial Zone,Commercial Zone,Commercial,ZoneNo 3,67.3404431102
259,324,02000000000025716008602,3096,16,86,2.0,20000000.0,0,46.2663138993,51.8028426941,,0,B2593096020000000,361,126130.672879,Commercial Zone,Commercial Zone,Commercial,ZoneNo 3,39.5566283919
260,325,02000000000025716008602,3098,16,86,2.0,20000000.0,0,57.9579162841,108.897608965,,0,B2603098020000000,361,126130.672879,Commercial Zone,Commercial Zone,Commercial,ZoneNo 3,90.151877323
261,328,0200000000031301608602,3130,16,86,2.0,20000000.0,0,75.4154609927,339.00000055,Splited From 208,0,B2613130020000000,361,126130.672879,Commercial Zone,Commercial Zone,Commercial,ZoneNo 3,338.400538141
26,29,02000000000002316008602,23,16,86,2.0,20000000.0,0,134.107639089,1089.54214832,,0,B2623020000000,795,22140.6130302,Residential Zone,Residential Zone,Residential,ZoneNo 2,932.417702235
262,329,0200000000031311608602,3131,16,86,2.0,20000000.0,0,245.384640679,1445.27480239,Splited From 208,0,B2623131020000000,361,126130.672879,Commercial Zone,Commercial Zone,Commercial,ZoneNo 3,1442.71821403
263,332,0200000000031331608602,3133,16,86,2.0,20000000.0,0,48.899698979,135.452607392,Splited From 112,0,B2633133020000000,361,126130.672879,Commercial Zone,Commercial Zone,Commercial,ZoneNo 3,135.213009775
264,335,0200000000031371608602,3137,16,86,2.0,20000000.0,0,68.6008707484,176.337599412,Splited From 3073,0,B2643137020000000,40,264705.839016,Agricultural Zone,Agricultural Zone,Agriculture,ZoneNo 1,176.025534631
265,336,0200000000031361608602,3136,16,86,2.0,20000000.0,0,69.4040916432,160.850004585,Splited From 3073,0,B2653136020000000,40,264705.839016,Agricultural Zone,Agricultural Zone,Agriculture,ZoneNo 1,160.565344149
266,337,0200000000031351608602,3135,16,86,2.0,20000000.0,0,69.9980421912,160.850002555,Splited From 3073,0,B2663135020000000,40,264705.839016,Agricultural Zone,Agricultural Zone,Agriculture,ZoneNo 1,160.565339509
267,340,0200000000031381608602,3138,16,86,2.0,20000000.0,0,131.700446352,1044.71964534,Splited From 3041,0,B2673138020000000,40,264705.839016,Agricultural Zone,Agricultural Zone,Agriculture,ZoneNo 1,1026.73788397
268,250,02000000000025616008602,3120,16,86,2.0,20000000.0,0,69.1169441699,175.298223873,,0,B2683120020000000,361,126130.672879,Commercial Zone,Commercial Zone,Commercial,ZoneNo 3,136.276673977
269,251,02000000000008216008602,82,16,86,2.0,20000000.0,0,64.802456212,279.433753843,,0,B26982020000000,361,126130.672879,Commercial Zone,Commercial Zone,Commercial,ZoneNo 3,157.221846787
270,252,02000000000008316008602,83,16,86,2.0,20000000.0,0,52.859591454,142.817268943,,0,B27083020000000,361,126130.672879,Commercial Zone,Commercial Zone,Commercial,ZoneNo 3,55.7214142303
27,30,02000000000001916008602,19,16,86,2.0,20000000.0,0,108.513049062,707.369411207,,0,B2719020000000,40,264705.839016,Agricultural Zone,Agricultural Zone,Agriculture,ZoneNo 1,159.352202491
271,253,02000000099996816008602,999968,16,86,2.0,20000000.0,60,3898.4257586,16599.6959777,,50,B271999968020000000,40,264705.839016,Agricultural Zone,Agricultural Zone,Agriculture,ZoneNo 1,2761.93925339
272,254,02000000000030116008602,301,16,86,2.0,20000000.0,0,88.2245742986,333.028181607,,0,B272301020000000,40,264705.839016,Agricultural Zone,Agricultural Zone,Agriculture,ZoneNo 1,332.439143616
273,255,02000000000030016008602,300,16,86,2.0,20000000.0,0,81.0295312242,286.04339229,,0,B273300020000000,40,264705.839016,Agricultural Zone,Agricultural Zone,Agriculture,ZoneNo 1,285.53741661
274,256,02000000000029916008602,299,16,86,2.0,20000000.0,0,71.9960480708,284.439683696,,0,B274299020000000,40,264705.839016,Agricultural Zone,Agricultural Zone,Agriculture,ZoneNo 1,283.936508092
275,257,02000000000303316008602,3033,16,86,2.0,20000000.0,0,87.8483019354,210.810172144,,0,B2753033020000000,363,64166.0523768,Commercial Zone,Commercial Zone,Commercial,ZoneNo 3,206.35554061
276,258,02000000000303416008602,3034,16,86,2.0,20000000.0,0,177.612379668,791.947181356,,0,B2763034020000000,363,64166.0523768,Commercial Zone,Commercial Zone,Commercial,ZoneNo 3,756.73387836
277,259,02000000000303216008602,3032,16,86,2.0,20000000.0,0,162.406798113,802.95626151,,0,B2773032020000000,363,64166.0523768,Commercial Zone,Commercial Zone,Commercial,ZoneNo 3,741.309434492
278,260,02000000000303116008602,3031,16,86,2.0,20000000.0,0,137.093319593,157.536275358,,0,B2783031020000000,363,64166.0523768,Commercial Zone,Commercial Zone,Commercial,ZoneNo 3,142.372551695
279,261,02000000000303016008602,3030,16,86,2.0,20000000.0,0,161.55481371,1053.843391,,0,B2793030020000000,363,64166.0523768,Commercial Zone,Commercial Zone,Commercial,ZoneNo 3,949.671687719
280,262,02000000000302916008602,3029,16,86,2.0,20000000.0,0,135.557667299,445.86860787,,0,B2803029020000000,363,64166.0523768,Commercial Zone,Commercial Zone,Commercial,ZoneNo 3,398.057148922
281,263,02000000000302816008602,3028,16,86,2.0,20000000.0,0,133.64702641,445.005555107,,0,B2813028020000000,363,64166.0523768,Commercial Zone,Commercial Zone,Commercial,ZoneNo 3,399.30295363
28,31,02000000000002016008602,20,16,86,2.0,20000000.0,0,112.099291481,738.501494954,,0,B2820020000000,40,264705.839016,Agricultural Zone,Agricultural Zone,Agriculture,ZoneNo 1,737.09712454
282,264,02000000000302716008602,3027,16,86,2.0,20000000.0,0,145.003313485,853.696958764,,0,B2823027020000000,363,64166.0523768,Commercial Zone,Commercial Zone,Commercial,ZoneNo 3,793.029101186
283,265,02000000000302616008602,3026,16,86,2.0,20000000.0,0,145.593319741,1024.23046226,,0,B2833026020000000,363,64166.0523768,Commercial Zone,Commercial Zone,Commercial,ZoneNo 3,942.615473585
284,266,02000000000012616008602,126,16,86,2.0,20000000.0,0,207.730171051,2271.56108889,,0,B284126020000000,363,64166.0523768,Commercial Zone,Commercial Zone,Commercial,ZoneNo 3,1847.48521644
285,267,02000000099996716008602,999967,16,86,2.0,20000000.0,0,72.2825726406,204.505831611,,0,B285999967020000000,363,64166.0523768,Commercial Zone,Commercial Zone,Commercial,ZoneNo 3,146.179350548
286,268,02000000099996616008602,999966,16,86,2.0,20000000.0,0,74.8255089557,222.042637974,,0,B286999966020000000,363,64166.0523768,Commercial Zone,Commercial Zone,Commercial,ZoneNo 3,158.571924198
287,269,02000000099996516008602,999965,16,86,2.0,20000000.0,0,75.8237222157,216.357588467,,0,B287999965020000000,363,64166.0523768,Commercial Zone,Commercial Zone,Commercial,ZoneNo 3,159.182667054
288,270,02000000000024416008602,244,16,86,2.0,20000000.0,0,102.817410297,382.728628461,,0,B288244020000000,363,64166.0523768,Commercial Zone,Commercial Zone,Commercial,ZoneNo 3,382.0522432
289,271,02000000000012516008602,125,16,86,2.0,20000000.0,0,133.162401409,924.949035632,,0,B289125020000000,363,64166.0523768,Commercial Zone,Commercial Zone,Commercial,ZoneNo 3,787.41933865
290,272,02000000000012416008602,124,16,86,2.0,20000000.0,0,333.831105654,4815.1031745,,0,B290124020000000,363,64166.0523768,Commercial Zone,Commercial Zone,Commercial,ZoneNo 3,4245.47173483
291,273,02000000000014016008602,140,16,86,2.0,20000000.0,0,128.397211088,1008.55054969,,0,B291140020000000,363,64166.0523768,Commercial Zone,Commercial Zone,Commercial,ZoneNo 3,270.327484051
292,274,02000000000013916008602,139,16,86,2.0,20000000.0,0,121.610859543,919.353255855,,0,B292139020000000,34,81142.9606396,Agricultural Zone,Agricultural Zone,Agriculture,ZoneNo 1,100.807782777
29,32,02000000000002216008602,22,16,86,2.0,20000000.0,0,147.140591247,1369.05357704,,0,B2922020000000,40,264705.839016,Agricultural Zone,Agricultural Zone,Agriculture,ZoneNo 1,1132.455059
293,275,02000000000013216008602,132,16,86,2.0,20000000.0,0,131.888756965,785.52421417,,0,B293132020000000,363,64166.0523768,Commercial Zone,Commercial Zone,Commercial,ZoneNo 3,784.13549891
294,276,02000000000305416008602,3054,16,86,2.0,20000000.0,0,110.155232763,557.731343471,,0,B2943054020000000,363,64166.0523768,Commercial Zone,Commercial Zone,Commercial,ZoneNo 3,556.745689294
295,277,02000000000305516008602,3055,16,86,2.0,20000000.0,0,113.990324338,622.001683496,,0,B2953055020000000,363,64166.0523768,Commercial Zone,Commercial Zone,Commercial,ZoneNo 3,620.90246367
296,278,02000000000013316008602,133,16,86,2.0,20000000.0,0,119.475232659,579.017194103,,0,B296133020000000,363,64166.0523768,Commercial Zone,Commercial Zone,Commercial,ZoneNo 3,577.993578861
297,279,02000000000013416008602,134,16,86,2.0,20000000.0,0,112.695954447,528.006700666,,0,B297134020000000,363,64166.0523768,Commercial Zone,Commercial Zone,Commercial,ZoneNo 3,527.073302137
298,280,02000000000305616008602,3056,16,86,2.0,20000000.0,0,114.18664078,580.103683739,,0,B2983056020000000,363,64166.0523768,Commercial Zone,Commercial Zone,Commercial,ZoneNo 3,579.078513755
299,281,02000000000305716008602,3057,16,86,2.0,20000000.0,0,89.0762133829,489.138410339,,0,B2993057020000000,363,64166.0523768,Commercial Zone,Commercial Zone,Commercial,ZoneNo 3,488.274191632
300,282,02000000000305816008602,3058,16,86,2.0,20000000.0,0,93.4091091385,492.775619385,,0,B3003058020000000,34,81142.9606396,Agricultural Zone,Agricultural Zone,Agriculture,ZoneNo 1,70.9194096296
301,283,02000000000016516008602,165,16,86,2.0,20000000.0,0,137.050759158,680.017893201,,0,B301165020000000,34,81142.9606396,Agricultural Zone,Agricultural Zone,Agriculture,ZoneNo 1,62.3037469974
30,33,02000000000002116008602,21,16,86,2.0,20000000.0,0,164.920514436,1255.59857013,,0,B3021020000000,40,264705.839016,Agricultural Zone,Agricultural Zone,Agriculture,ZoneNo 1,1253.37517371
302,284,02000000000306216008602,3062,16,86,2.0,20000000.0,0,128.493963273,757.302743343,,0,B3023062020000000,363,64166.0523768,Commercial Zone,Commercial Zone,Commercial,ZoneNo 3,755.965203527
303,285,02000000000306316008602,3063,16,86,2.0,20000000.0,0,122.003972449,730.689588801,,0,B3033063020000000,363,64166.0523768,Commercial Zone,Commercial Zone,Commercial,ZoneNo 3,729.399073355
304,286,02000000000306416008602,3064,16,86,2.0,20000000.0,0,113.468010159,716.709310015,,0,B3043064020000000,34,81142.9606396,Agricultural Zone,Agricultural Zone,Agriculture,ZoneNo 1,115.194113014
305,287,02000000000306116008602,3061,16,86,2.0,20000000.0,0,121.053228251,481.702059017,,0,B3053061020000000,34,81142.9606396,Agricultural Zone,Agricultural Zone,Agriculture,ZoneNo 1,31.063811241
306,288,02000000000306016008602,3060,16,86,2.0,20000000.0,0,217.163215913,1168.29894281,,0,B3063060020000000,34,81142.9606396,Agricultural Zone,Agricultural Zone,Agriculture,ZoneNo 1,645.328576946
307,289,02000000000306516008602,3065,16,86,2.0,20000000.0,0,94.2333090477,527.473612353,,0,B3073065020000000,34,81142.9606396,Agricultural Zone,Agricultural Zone,Agriculture,ZoneNo 1,526.542137017
308,290,02000000000306616008602,3066,16,86,2.0,20000000.0,0,95.9749349635,548.473348777,,0,B3083066020000000,34,81142.9606396,Agricultural Zone,Agricultural Zone,Agriculture,ZoneNo 1,547.504632609
309,291,02000000000015716008602,157,16,86,2.0,20000000.0,0,77.2686094313,304.797336412,,0,B309157020000000,34,81142.9606396,Agricultural Zone,Agricultural Zone,Agriculture,ZoneNo 1,304.258900477
310,292,02000000000015816008602,158,16,86,2.0,20000000.0,0,75.7913735687,305.18675923,,0,B310158020000000,34,81142.9606396,Agricultural Zone,Agricultural Zone,Agriculture,ZoneNo 1,304.647652569
311,293,02000000000016816008602,168,16,86,2.0,20000000.0,0,183.62511277,2117.6578565,,0,B311168020000000,34,81142.9606396,Agricultural Zone,Agricultural Zone,Agriculture,ZoneNo 1,1055.10710789
312,294,02000000000013516008602,135,16,86,2.0,20000000.0,0,96.6064322719,520.124783076,,0,B312135020000000,34,81142.9606396,Agricultural Zone,Agricultural Zone,Agriculture,ZoneNo 1,310.252768546
31,34,02000000000025816008602,258,16,86,2.0,20000000.0,0,152.409128942,885.468543266,,0,B31258020000000,40,264705.839016,Agricultural Zone,Agricultural Zone,Agriculture,ZoneNo 1,883.900654125
313,295,02000000000013616008602,136,16,86,2.0,20000000.0,0,84.6299144351,360.114846107,,0,B313136020000000,34,81142.9606396,Agricultural Zone,Agricultural Zone,Agriculture,ZoneNo 1,237.131493201
314,296,02000000000013716008602,137,16,86,2.0,20000000.0,0,82.137988609,359.538500353,,0,B314137020000000,34,81142.9606396,Agricultural Zone,Agricultural Zone,Agriculture,ZoneNo 1,273.953696745
315,297,02000000000013816008602,138,16,86,2.0,20000000.0,0,117.844792921,883.935251607,,0,B315138020000000,34,81142.9606396,Agricultural Zone,Agricultural Zone,Agriculture,ZoneNo 1,865.754876254
316,298,02000000000014116008602,3117,16,86,2.0,20000000.0,0,146.189735525,1314.12321099,,0,B3163117020000000,34,81142.9606396,Agricultural Zone,Agricultural Zone,Agriculture,ZoneNo 1,115.388047976
317,299,02000000000303816008602,3038,16,86,2.0,20000000.0,0,209.814205834,1167.23508899,,0,B3173038020000000,2652,1803.31024328,Publicuse Zone,Publicuse Zone,Publicuse,ZoneNo 6,443.343261432
3,6,02000000000017516008602,175,16,86,2.0,20000000.0,0,203.009852186,2474.14312528,,0,B3175020000000,45,225440.245051,Agricultural Zone,Agricultural Zone,Agriculture,ZoneNo 1,2469.75736892
318,300,02000000000303716008602,3037,16,86,2.0,20000000.0,0,338.580669253,7372.99072655,,0,B3183037020000000,33,148985.723437,Agricultural Zone,Agricultural Zone,Agriculture,ZoneNo 1,313.138380763
319,302,02000000000305916008602,3059,16,86,2.0,20000000.0,0,127.044859481,647.69055452,,0,B3193059020000000,34,81142.9606396,Agricultural Zone,Agricultural Zone,Agriculture,ZoneNo 1,77.2942684487
32,35,02000000000002716008602,27,16,86,2.0,20000000.0,0,370.10467588,4923.41786746,,0,B3227020000000,40,264705.839016,Agricultural Zone,Agricultural Zone,Agriculture,ZoneNo 1,4914.69304307
33,36,02000000000304716008602,3047,16,86,2.0,20000000.0,0,146.945911798,1031.10250956,,0,B333047020000000,40,264705.839016,Agricultural Zone,Agricultural Zone,Agriculture,ZoneNo 1,1029.27487799
34,37,02000000000304616008602,3046,16,86,2.0,20000000.0,0,140.502289769,1041.25031604,,0,B343046020000000,40,264705.839016,Agricultural Zone,Agricultural Zone,Agriculture,ZoneNo 1,736.850208445
35,38,02000000000002816008602,28,16,86,2.0,20000000.0,0,83.4122104259,376.878418687,,0,B3528020000000,40,264705.839016,Agricultural Zone,Agricultural Zone,Agriculture,ZoneNo 1,376.210585258
36,39,02000000000002916008602,29,16,86,2.0,20000000.0,0,165.123786277,1515.12581099,,0,B3629020000000,40,264705.839016,Agricultural Zone,Agricultural Zone,Agriculture,ZoneNo 1,1512.44165791
37,40,02000000000003016008602,30,16,86,2.0,20000000.0,0,87.4354863833,464.303026642,,0,B3730020000000,40,264705.839016,Agricultural Zone,Agricultural Zone,Agriculture,ZoneNo 1,463.480711687
38,41,02000000000032516008602,325,16,86,2.0,20000000.0,0,141.837976208,527.754065942,,0,B38325020000000,40,264705.839016,Agricultural Zone,Agricultural Zone,Agriculture,ZoneNo 1,526.819620936
39,42,02000000000032616008602,326,16,86,2.0,20000000.0,0,163.535699056,1240.39293965,,0,B39326020000000,40,264705.839016,Agricultural Zone,Agricultural Zone,Agriculture,ZoneNo 1,1238.19689768
40,43,02000000000019316008602,193,16,86,2.0,20000000.0,0,174.062073406,1366.35287105,,0,B40193020000000,40,264705.839016,Agricultural Zone,Agricultural Zone,Agriculture,ZoneNo 1,1363.93375012
41,44,02000000000019416008602,194,16,86,2.0,20000000.0,0,171.967820052,1410.05730978,,0,B41194020000000,40,264705.839016,Agricultural Zone,Agricultural Zone,Agriculture,ZoneNo 1,1407.55971355
42,45,02000000000019516008602,195,16,86,2.0,20000000.0,0,171.529672727,1377.00126864,,0,B42195020000000,40,264705.839016,Agricultural Zone,Agricultural Zone,Agriculture,ZoneNo 1,1374.56102596
4,7,02000000000000316008602,3,16,86,2.0,20000000.0,0,110.359476581,461.357595973,,0,B43020000000,45,225440.245051,Agricultural Zone,Agricultural Zone,Agriculture,ZoneNo 1,460.539631049
43,46,02000000000003316008602,33,16,86,2.0,20000000.0,0,442.045937614,4339.09164785,,0,B4333020000000,40,264705.839016,Agricultural Zone,Agricultural Zone,Agriculture,ZoneNo 1,4331.40621283
44,47,02000000000003716008602,37,16,86,2.0,20000000.0,0,155.801276502,1471.02513272,,0,B4437020000000,40,264705.839016,Agricultural Zone,Agricultural Zone,Agriculture,ZoneNo 1,1468.42174304
45,48,02000000000003616008602,36,16,86,2.0,20000000.0,0,179.25534486,1706.36752927,,0,B4536020000000,40,264705.839016,Agricultural Zone,Agricultural Zone,Agriculture,ZoneNo 1,1703.34646275
46,49,02000000000003516008602,35,16,86,2.0,20000000.0,0,164.563619259,1207.3407334,,0,B4635020000000,40,264705.839016,Agricultural Zone,Agricultural Zone,Agriculture,ZoneNo 1,1205.20336494
47,51,02000000000003816008602,38,16,86,2.0,20000000.0,0,150.425346031,1322.62265299,,0,B4738020000000,40,264705.839016,Agricultural Zone,Agricultural Zone,Agriculture,ZoneNo 1,1320.28227036
48,52,02000000000003916008602,39,16,86,2.0,20000000.0,0,161.912296919,1584.07001636,,0,B4839020000000,40,264705.839016,Agricultural Zone,Agricultural Zone,Agriculture,ZoneNo 1,1581.26631362
49,53,02000000000004016008602,40,16,86,2.0,20000000.0,0,146.838355955,1325.07717853,,0,B4940020000000,40,264705.839016,Agricultural Zone,Agricultural Zone,Agriculture,ZoneNo 1,1322.73127766
50,54,02000000000004216008602,42,16,86,2.0,20000000.0,0,133.373794622,1033.70945927,,0,B5042020000000,40,264705.839016,Agricultural Zone,Agricultural Zone,Agriculture,ZoneNo 1,1031.87888544
51,55,02000000000004116008602,41,16,86,2.0,20000000.0,0,110.54949488,683.346130651,,0,B5141020000000,40,264705.839016,Agricultural Zone,Agricultural Zone,Agriculture,ZoneNo 1,682.136105284
52,56,02000000000004316008602,43,16,86,2.0,20000000.0,0,83.01882005,395.309109349,,0,B5243020000000,40,264705.839016,Agricultural Zone,Agricultural Zone,Agriculture,ZoneNo 1,394.608923228
53,57,02000000000004516008602,45,16,86,2.0,20000000.0,0,67.2256414234,284.383195893,,0,B5345020000000,40,264705.839016,Agricultural Zone,Agricultural Zone,Agriculture,ZoneNo 1,283.879525998
5,8,02000000000000416008602,4,16,86,2.0,20000000.0,0,363.456293849,8116.94825833,,0,B54020000000,45,225440.245051,Agricultural Zone,Agricultural Zone,Agriculture,ZoneNo 1,8102.56047448
54,58,02000000000307716008602,3077,16,86,2.0,20000000.0,0,142.079558411,1172.150915,,0,B543077020000000,40,264705.839016,Agricultural Zone,Agricultural Zone,Agriculture,ZoneNo 1,1170.07454373
55,59,02000000000307816008602,3078,16,86,2.0,20000000.0,0,188.417118789,2168.02339667,,0,B553078020000000,40,264705.839016,Agricultural Zone,Agricultural Zone,Agriculture,ZoneNo 1,2164.18175583
56,60,02000000000023416008602,234,16,86,2.0,20000000.0,0,102.786688763,600.693866073,,0,B56234020000000,40,264705.839016,Agricultural Zone,Agricultural Zone,Agriculture,ZoneNo 1,599.62948128
57,61,02000000000023316008602,233,16,86,2.0,20000000.0,0,74.1285139903,343.266953445,,0,B57233020000000,40,264705.839016,Agricultural Zone,Agricultural Zone,Agriculture,ZoneNo 1,342.658831249
58,62,02000000000023216008602,232,16,86,2.0,20000000.0,0,75.5044792569,352.85513812,,0,B58232020000000,40,264705.839016,Agricultural Zone,Agricultural Zone,Agriculture,ZoneNo 1,352.230115607
59,63,02000000000023116008602,231,16,86,2.0,20000000.0,0,95.5585813426,553.200349941,,0,B59231020000000,40,264705.839016,Agricultural Zone,Agricultural Zone,Agriculture,ZoneNo 1,552.22061373
60,65,02000000000004716008602,47,16,86,2.0,20000000.0,0,148.551921698,1361.888848,,0,B6047020000000,40,264705.839016,Agricultural Zone,Agricultural Zone,Agriculture,ZoneNo 1,1359.47946716
61,67,02000000000025116008602,251,16,86,2.0,20000000.0,0,85.806488908,308.050055776,,0,B61251020000000,40,264705.839016,Agricultural Zone,Agricultural Zone,Agriculture,ZoneNo 1,307.505134677
62,68,02000000000025016008602,250,16,86,2.0,20000000.0,0,107.175926061,691.644029,,0,B62250020000000,40,264705.839016,Agricultural Zone,Agricultural Zone,Agriculture,ZoneNo 1,690.420679547
63,69,02000000000006116008602,61,16,86,2.0,20000000.0,0,124.056590296,887.457019666,,0,B6361020000000,40,264705.839016,Agricultural Zone,Agricultural Zone,Agriculture,ZoneNo 1,885.887547381
64,70,02000000000023516008602,235,16,86,2.0,20000000.0,0,197.404003069,1858.91784652,,0,B64235020000000,40,264705.839016,Agricultural Zone,Agricultural Zone,Agriculture,ZoneNo 1,1855.62846685
6,9,02000000000000516008602,5,16,86,2.0,20000000.0,0,153.144343288,1356.28383014,,0,B65020000000,45,225440.245051,Agricultural Zone,Agricultural Zone,Agriculture,ZoneNo 1,1353.88028711
65,71,02000000000031816008602,318,16,86,2.0,20000000.0,0,67.924804986,168.986511698,,0,B65318020000000,40,264705.839016,Agricultural Zone,Agricultural Zone,Agriculture,ZoneNo 1,168.687404776
66,72,02000000000023616008602,236,16,86,2.0,20000000.0,0,81.0907578928,355.57589426,,0,B66236020000000,40,264705.839016,Agricultural Zone,Agricultural Zone,Agriculture,ZoneNo 1,354.946472577
67,73,02000000000023716008602,237,16,86,2.0,20000000.0,0,193.229070116,1411.87164922,,0,B67237020000000,40,264705.839016,Agricultural Zone,Agricultural Zone,Agriculture,ZoneNo 1,1409.37175767
68,74,02000000000023816008602,238,16,86,2.0,20000000.0,0,91.776060585,502.285450427,,0,B68238020000000,40,264705.839016,Agricultural Zone,Agricultural Zone,Agriculture,ZoneNo 1,501.395734541
69,75,02000000000005816008602,58,16,86,2.0,20000000.0,0,151.386896258,1045.46477251,,0,B6958020000000,40,264705.839016,Agricultural Zone,Agricultural Zone,Agriculture,ZoneNo 1,1043.61425972
70,305,02000000000011816008602,3025,16,86,2.0,20000000.0,0,48.973896446,153.830074507,,0,B703025020000000,361,126130.672879,Commercial Zone,Commercial Zone,Commercial,ZoneNo 3,153.557977713
71,306,02000000000011816008602,3023,16,86,2.0,20000000.0,0,75.6663369793,337.722074382,,0,B713023020000000,361,126130.672879,Commercial Zone,Commercial Zone,Commercial,ZoneNo 3,337.124829895
72,309,02000000000020716008602,3090,16,86,2.0,20000000.0,0,47.2100865725,122.053362619,,0,B723090020000000,361,126130.672879,Commercial Zone,Commercial Zone,Commercial,ZoneNo 3,121.837092199
73,310,0200000000001831608602,3129,16,86,2.0,20000000.0,0,53.5157602526,161.3793476,Splited From 183,0,B733129020000000,361,126130.672879,Commercial Zone,Commercial Zone,Commercial,ZoneNo 3,161.093918477
74,76,02000000000005916008602,59,16,86,2.0,20000000.0,0,120.018643474,849.073987798,,0,B7459020000000,40,264705.839016,Agricultural Zone,Agricultural Zone,Agriculture,ZoneNo 1,847.571598358
75,77,02000000000006016008602,60,16,86,2.0,20000000.0,0,120.967177184,938.057336009,,0,B7560020000000,40,264705.839016,Agricultural Zone,Agricultural Zone,Agriculture,ZoneNo 1,936.397935732
7,10,02000000000000616008602,6,16,86,2.0,20000000.0,0,142.977241223,1216.93513206,,0,B76020000000,45,225440.245051,Agricultural Zone,Agricultural Zone,Agriculture,ZoneNo 1,1214.77780926
76,78,02000000000026016008602,260,16,86,2.0,20000000.0,0,281.018531412,3422.93240833,,0,B76260020000000,40,264705.839016,Agricultural Zone,Agricultural Zone,Agriculture,ZoneNo 1,3416.87711659
77,79,02000000000026116008602,261,16,86,2.0,20000000.0,0,262.531317474,2335.83255173,,0,B77261020000000,40,264705.839016,Agricultural Zone,Agricultural Zone,Agriculture,ZoneNo 1,2331.70053718
78,80,02000000000006216008602,62,16,86,2.0,20000000.0,0,143.527066963,1133.56961808,,0,B7862020000000,40,264705.839016,Agricultural Zone,Agricultural Zone,Agriculture,ZoneNo 1,1131.56533648
79,81,02000000000017316008602,173,16,86,2.0,20000000.0,0,123.260052612,654.395156964,,0,B79173020000000,40,264705.839016,Agricultural Zone,Agricultural Zone,Agriculture,ZoneNo 1,653.238361786
80,82,02000000099999816008602,999998,16,86,2.0,20000000.0,0,62.3679190716,149.16485847,,0,B80999998020000000,40,264705.839016,Agricultural Zone,Agricultural Zone,Agriculture,ZoneNo 1,148.901204871
81,83,02000000000017416008602,174,16,86,2.0,20000000.0,0,194.767849245,1486.41252239,,0,B81174020000000,40,264705.839016,Agricultural Zone,Agricultural Zone,Agriculture,ZoneNo 1,1483.78538678
82,84,02000000000006416008602,64,16,86,2.0,20000000.0,0,95.470215184,529.68467458,,0,B8264020000000,40,264705.839016,Agricultural Zone,Agricultural Zone,Agriculture,ZoneNo 1,528.748596344
83,85,02000000000006516008602,65,16,86,2.0,20000000.0,0,202.233186868,1974.69455495,,0,B8365020000000,40,264705.839016,Agricultural Zone,Agricultural Zone,Agriculture,ZoneNo 1,1971.2054546
84,86,02000000000006616008602,66,16,86,2.0,20000000.0,0,164.200601927,1373.72882688,,0,B8466020000000,40,264705.839016,Agricultural Zone,Agricultural Zone,Agriculture,ZoneNo 1,1288.41907832
85,87,02000000000028416008602,284,16,86,2.0,20000000.0,0,50.1189688689,134.976145719,,0,B85284020000000,1290,10729.9793909,Residential Zone,Residential Zone,Residential,ZoneNo 2,134.737754308
86,88,02000000000028516008602,285,16,86,2.0,20000000.0,0,59.6527426494,165.24005903,,0,B86285020000000,40,264705.839016,Agricultural Zone,Agricultural Zone,Agriculture,ZoneNo 1,58.0443252128
8,11,02000000000000716008602,7,16,86,2.0,20000000.0,0,133.667751649,815.666807459,,0,B87020000000,45,225440.245051,Agricultural Zone,Agricultural Zone,Agriculture,ZoneNo 1,814.220671504
87,89,02000000000028616008602,286,16,86,2.0,20000000.0,0,65.4523854499,186.166831339,,0,B87286020000000,40,264705.839016,Agricultural Zone,Agricultural Zone,Agriculture,ZoneNo 1,21.0666113376
88,90,02000000000029016008602,290,16,86,2.0,20000000.0,0,38.5105414084,67.1403041969,,0,B88290020000000,40,264705.839016,Agricultural Zone,Agricultural Zone,Agriculture,ZoneNo 1,22.1776898032
89,91,02000000000307116008602,3071,16,86,2.0,20000000.0,0,68.4863560571,223.811952008,,0,B893071020000000,789,16000.4535327,Residential Zone,Residential Zone,Residential,ZoneNo 2,223.416722447
90,92,02000000000307216008602,3072,16,86,2.0,20000000.0,0,68.3824416194,240.757499394,,0,B903072020000000,789,16000.4535327,Residential Zone,Residential Zone,Residential,ZoneNo 2,231.261618114
91,93,02000000000029216008602,292,16,86,2.0,20000000.0,0,45.4113643124,83.6628792464,,0,B91292020000000,40,264705.839016,Agricultural Zone,Agricultural Zone,Agriculture,ZoneNo 1,6.76211517109
92,94,02000000000029116008602,291,16,86,2.0,20000000.0,0,28.6853441292,44.9000249248,,0,B92291020000000,40,264705.839016,Agricultural Zone,Agricultural Zone,Agriculture,ZoneNo 1,43.7800888682
9,12,02000000000301316008602,3013,16,86,2.0,20000000.0,0,169.094567161,1518.72371048,,0,B93013020000000,45,225440.245051,Agricultural Zone,Agricultural Zone,Agriculture,ZoneNo 1,1516.03177666
93,95,02000000000028116008602,281,16,86,2.0,20000000.0,0,281.803048799,3747.36029557,,0,B93281020000000,40,264705.839016,Agricultural Zone,Agricultural Zone,Agriculture,ZoneNo 1,2272.10864052
94,96,02000000000028716008602,287,16,86,2.0,20000000.0,0,160.941529299,1634.83985811,,0,B94287020000000,40,264705.839016,Agricultural Zone,Agricultural Zone,Agriculture,ZoneNo 1,1631.95123879
95,97,02000000000308416008602,3084,16,86,2.0,20000000.0,0,340.924925662,3501.6987938,,0,B953084020000000,40,264705.839016,Agricultural Zone,Agricultural Zone,Agriculture,ZoneNo 1,3495.50593072
96,98,02000000099999716008602,999997,16,86,2.0,20000000.0,0,155.721446905,792.435033696,,0,B96999997020000000,40,264705.839016,Agricultural Zone,Agricultural Zone,Agriculture,ZoneNo 1,791.032679084
97,99,02000000000024316008602,243,16,86,2.0,20000000.0,0,147.877135078,1347.13256652,,0,B97243020000000,40,264705.839016,Agricultural Zone,Agricultural Zone,Agriculture,ZoneNo 1,1344.74679199
98,100,02000000000023916008602,239,16,86,2.0,20000000.0,0,104.826280859,593.918288064,,0,B98239020000000,40,264705.839016,Agricultural Zone,Agricultural Zone,Agriculture,ZoneNo 1,592.866003847
99,101,02000000000017716008602,177,16,86,2.0,20000000.0,0,153.338545704,1459.60304456,,0,B99177020000000,40,264705.839016,Agricultural Zone,Agricultural Zone,Agriculture,ZoneNo 1,1457.01721926
